<?xml version="1.0" encoding="UTF-8"?>
<!DOCTYPE mapper
  PUBLIC "-//mybatis.org//DTD Mapper 3.0//EN"
  "http://mybatis.org/dtd/mybatis-3-mapper.dtd">
  <mapper namespace="com.vam.mapper.BoardMapper">

	<!-- 검색 조건문 -->
	<sql id="criteria">
		<trim prefix="AND (" suffix=")" prefixOverrides="OR">
			<foreach collection="typeArr" item="type">
				<trim prefix="OR">
					<choose>
						<when test="type == 'T'.toString()">
							title like '%'||#{keyword}||'%' 
						</when>
						<when test="type == 'C'.toString()">
							content like '%'||#{keyword}||'%' 
						</when>
						<when test="type == 'W'.toString()">
							writer like '%'||#{keyword}||'%' 
						</when>
					</choose>
				</trim>
			</foreach>
		</trim>
	
	</sql>

	<!-- 게시판 등록 -->
	<insert id="enroll">
		
		insert into vam_board(title, content, writer) values (#{title}, #{content}, #{writer})
		
	</insert>
	
	<!-- 게시판 목록 -->
	<select id="getList" resultType="com.vam.model.BoardVO">
	
		select * from vam_board
	
	</select>

	<!-- 게시판 조회 -->
	<select id="getPage" resultType="com.vam.model.BoardVO">
	
		select * from vam_board where bno = #{bno}
	
	</select>
	
	<!-- 게시물 목록(페이징) -->
	<select id="getListPaging" resultType="com.vam.model.BoardVO">
	
	<![CDATA[
		
		select bno, title, content, writer, regdate, updatedate from(
		
		        select /*+INDEX_DESC(vam_board pk_board) */ rownum  as rn, bno, title, content, writer, regdate, updatedate
		          
		        from vam_board where rownum <= #{pageNum} * #{amount} 
	]]>	        
		        <if test="keyword != null">
		        	<include refid="criteria"></include> 
		        </if>
	
	<![CDATA[
			        
			    )
			        
		where rn > (#{pageNum} -1) * #{amount}
	
	]]>
	
	</select>
		
	<!-- 게시판 수정 -->
	<update id="modify">
	
		update vam_board set title = #{title}, content = #{content}, updatedate = sysdate where bno = #{bno}
	
	</update>	

	<!-- 게시판 삭제 -->
	<delete id="delete">
	
		delete from vam_board where bno = #{bno}
	
	</delete>
	
	<!-- 게시물 총 개숫 -->
	<select id="getTotal" resultType="int">
	
		select count(*) from vam_board
		
		<if test="keyword != null">
		
			where bno > 0 <include refid="criteria"></include>
		
		</if>
	
	</select>	

  </mapper>