<?xml version="1.0" encoding="UTF-8" ?>
<!DOCTYPE mapper
  PUBLIC "-//mybatis.org//DTD Mapper 3.0//EN"
  "http://mybatis.org/dtd/mybatis-3-mapper.dtd">
<mapper namespace="edu.human.prj.mapper.BoardMapper">

	<!-- <typeAlias type="edu.human.prj.vo.BoardVO" alias="BoardVO" /> -->

 	<select id="getList" resultType="BoardVO">
		<![CDATA[
			select  * from noticeboard order by bGroup desc, bStep asc
		]]>
	</select>

	<select id="read" resultType="BoardVO">
	<![CDATA[
		select * from noticeboard where bId = #{bid}
	]]>
	</select>

	<update id="updateShape">
	<![CDATA[
		update noticeboard set bStep = bStep + 1 where bgroup = #{bgroup} and bstep > #{bstep}
	]]>
	</update>

	<insert id="insertReply">
	<![CDATA[
		insert into noticeboard (bId, bName, bTitle, bContent, bGroup, bStep, bIndent, bremarks, users_id) values (mvc_board_seq.nextval, #{bname}, #{btitle},#{bcontent}, #{bgroup}, #{bstep}+1, #{bindent}+1, #{bremarks}, #{users_id})
	]]>
	</insert>

	<insert id="insertBoard">
	<![CDATA[
		insert into noticeboard (bid, bname, btitle, bContent, bhit, bgroup, bstep, bindent, bremarks, users_id) values (mvc_board_seq.nextval, #{bname}, #{btitle}, #{bcontent}, 0, mvc_board_seq.currval, 0, 0, #{bremarks}, #{users_id})
	]]>
	</insert>

	<delete id="delete">
	<![CDATA[
		delete from noticeboard where bId = #{bid}
	]]>
	</delete>

	<update id="updateBoard">
	<![CDATA[
		update noticeboard set bName = #{bname}, bTitle =
		#{btitle}, bContent = #{bcontent}  where bId = #{bid}
	]]>
	</update>


	<select id="getTotalCount" resultType="int">
	<![CDATA[
		select count(*) from noticeboard
	]]>
	</select>

	<select id="getListWithPaging"
		resultType="BoardVO">
  		 <![CDATA[
      		SELECT * FROM (
              SELECT ROWNUM AS RNUM, A.* FROM (
                       SELECT
                             *
                         FROM
                             noticeboard 
                         order by bGroup desc, bStep asc   
             ) A WHERE ROWNUM <= #{pageNum} * #{amount}
         ) WHERE RNUM > (#{pageNum}-1) * #{amount}
 		  ]]>
	</select> 
</mapper>
